phage,type,seq_id,position,mutation,frequency,annotation,gene,description
LUZ19-37-1,"DEL","contig00001","3563","Δ1 bp","1","intergenic (+33/-237)","gp12 → / → JPEJBOGK_00010","DNA polymerase/hypothetical protein"
LUZ19-37-1,"SNP","contig00001","5205","T→C","5.39517403e-02","G226G (GGT→GGC)","gp14 →","DNA primase"
LUZ19-37-1,"SNP","contig00001","6673","T→G","7.21572876e-01","L32W (TTG→TGG)","gp16 →","nucleotidyltransferase"
LUZ19-37-1,"SNP","contig00001","10509","T→C","6.40553951e-01","F684L (TTC→CTC)","gp19 →","DNA polymerase"
LUZ19-37-1,"SNP","contig00001","15953","A→C","2.53592968e-01","D171A (GAT→GCT)","gp26 →","RNA polymerase"
LUZ19-37-1,"SNP","contig00001","24541","G→A","1.26105785e-01","D429N (GAC→AAC)‡","gp34 →","tail protein"
LUZ19-37-1,"SNP","contig00001","24542","A→G","7.75316238e-01","D429G (GAC→GGC)‡","gp34 →","tail protein"
LUZ19-37-1,"SNP","contig00001","33975","T→A","2.42414474e-01","L75Q (CTG→CAG)","gp39 →","tail fiber protein"
LUZ19-37-1,"SNP","contig00001","34506","C→A","3.39653969e-01","Q102K (CAG→AAG)‡","gp40 →","tail fiber protein"
LUZ19-37-1,"SNP","contig00001","34507","A→G","5.86603642e-01","Q102R (CAG→CGG)‡","gp40 →","tail fiber protein"
LUZ19-37-1,"SNP","contig00001","34582","C→A","1","T127K (ACG→AAG)","gp40 →","tail fiber protein"
LUZ19-37-1,"SNP","contig00001","34954","T→C","7.09557533e-02","V251A (GTC→GCC)","gp40 →","tail fiber protein"
LUZ19-37-1,"SNP","contig00001","35404","G→A","1","C98Y (TGT→TAT)","gp41 →","tail fiber protein"
LUZ19-37-2,"SNP","contig00001","892","G→A","5.30086040e-01","R57H (CGC→CAC)","JPEJBOGK_00003 →","hypothetical protein"
LUZ19-37-2,"DEL","contig00001","3549","Δ1 bp","1","intergenic (+19/-251)","gp12 → / → JPEJBOGK_00010","DNA polymerase/hypothetical protein"
LUZ19-37-2,"SNP","contig00001","5227","C→A","6.87284470e-02","L234I (CTC→ATC)","gp14 →","DNA primase"
LUZ19-37-2,"SNP","contig00001","6673","T→G","3.51306915e-01","L32W (TTG→TGG)","gp16 →","nucleotidyltransferase"
LUZ19-37-2,"SNP","contig00001","10509","T→C","2.74467468e-01","F684L (TTC→CTC)","gp19 →","DNA polymerase"
LUZ19-37-2,"SNP","contig00001","15953","A→C","9.49490070e-01","D171A (GAT→GCT)","gp26 →","RNA polymerase"
LUZ19-37-2,"SNP","contig00001","24542","A→G","1","D429G (GAC→GGC)","gp34 →","tail protein"
LUZ19-37-2,"SNP","contig00001","34507","A→G","3.76146317e-01","Q102R (CAG→CGG)","gp40 →","tail fiber protein"
LUZ19-37-2,"SNP","contig00001","34525","A→G","1.20229721e-01","Q108R (CAA→CGA)","gp40 →","tail fiber protein"
LUZ19-37-2,"SNP","contig00001","34582","C→A","1","T127K (ACG→AAG)","gp40 →","tail fiber protein"
LUZ19-37-2,"SNP","contig00001","34951","A→G","4.39821243e-01","Q250R (CAG→CGG)","gp40 →","tail fiber protein"
LUZ19-37-2,"SNP","contig00001","35339","C→T","7.35244751e-02","G76G (GGC→GGT)","gp41 →","tail fiber protein"
LUZ19-37-2,"SNP","contig00001","35404","G→A","1","C98Y (TGT→TAT)","gp41 →","tail fiber protein"
LUZ19-37-3,"SNP","contig00001","1985","C→T","5.03368378e-02","H38Y (CAC→TAC)","JPEJBOGK_00007 →","hypothetical protein"
LUZ19-37-3,"DEL","contig00001","4444","Δ13 bp","8.18166451e-02","coding (113-125/129 nt)","JPEJBOGK_00011 →","hypothetical protein"
LUZ19-37-3,"SNP","contig00001","6673","T→G","8.77332687e-02","L32W (TTG→TGG)","gp16 →","nucleotidyltransferase"
LUZ19-37-3,"DEL","contig00001","8360","Δ1 bp","1.83491707e-01","coding (218/321 nt)","JPEJBOGK_00016 →","hypothetical protein"
LUZ19-37-3,"SNP","contig00001","8470","T→C","5.44223785e-02","I4T (ATC→ACC)","gp19 →","DNA polymerase"
LUZ19-37-3,"SNP","contig00001","8801","T→G","3.62072468e-01","S114R (AGT→AGG)","gp19 →","DNA polymerase"
LUZ19-37-3,"SNP","contig00001","10420","C→T","1.31226063e-01","A654V (GCA→GTA)","gp19 →","DNA polymerase"
LUZ19-37-3,"SNP","contig00001","10509","T→C","1.48195267e-01","F684L (TTC→CTC)","gp19 →","DNA polymerase"
LUZ19-37-3,"SNP","contig00001","15734","A→G","4.90733147e-01","Y98C (TAC→TGC)","gp26 →","RNA polymerase"
LUZ19-37-3,"SNP","contig00001","24541","G→A","1.29757881e-01","D429N (GAC→AAC)‡","gp34 →","tail protein"
LUZ19-37-3,"SNP","contig00001","24542","A→C","3.18579674e-01","D429A (GAC→GCC)‡","gp34 →","tail protein"
LUZ19-37-3,"SNP","contig00001","34507","A→G","8.72331619e-01","Q102R (CAG→CGG)","gp40 →","tail fiber protein"
LUZ19-37-3,"SNP","contig00001","34524","C→A","5.71360588e-02","Q108K (CAA→AAA)","gp40 →","tail fiber protein"
LUZ19-37-3,"SNP","contig00001","34582","C→A","1","T127K (ACG→AAG)","gp40 →","tail fiber protein"
LUZ19-37-3,"SNP","contig00001","35404","G→A","1","C98Y (TGT→TAT)","gp41 →","tail fiber protein"
LUZ19-37-3,"SNP","contig00001","35446","T→A","9.41505432e-02","F112Y (TTC→TAC)","gp41 →","tail fiber protein"
LUZ19-37-4,"DEL","contig00001","3563","Δ1 bp","1","intergenic (+33/-237)","gp12 → / → JPEJBOGK_00010","DNA polymerase/hypothetical protein"
LUZ19-37-4,"DEL","contig00001","4444","Δ13 bp","6.52819615e-01","coding (113-125/129 nt)","JPEJBOGK_00011 →","hypothetical protein"
LUZ19-37-4,"SNP","contig00001","8801","T→G","2.49868393e-01","S114R (AGT→AGG)","gp19 →","DNA polymerase"
LUZ19-37-4,"SNP","contig00001","10509","T→C","2.92932987e-01","F684L (TTC→CTC)","gp19 →","DNA polymerase"
LUZ19-37-4,"SNP","contig00001","14923","A→G","1.95148945e-01","M69V (ATG→GTG)","JPEJBOGK_00023 →","hypothetical protein"
LUZ19-37-4,"SNP","contig00001","15953","A→C","2.25927830e-01","D171A (GAT→GCT)","gp26 →","RNA polymerase"
LUZ19-37-4,"SNP","contig00001","17706","G→A","8.25667381e-02","M755I (ATG→ATA)","gp26 →","RNA polymerase"
LUZ19-37-4,"SNP","contig00001","24541","G→A","2.44837284e-01","D429N (GAC→AAC)‡","gp34 →","tail protein"
LUZ19-37-4,"SNP","contig00001","24542","A→G","5.75356960e-01","D429G (GAC→GGC)‡","gp34 →","tail protein"
LUZ19-37-4,"SNP","contig00001","33834","T→C","3.07453632e-01","M28T (ATG→ACG)","gp39 →","tail fiber protein"
LUZ19-37-4,"SNP","contig00001","34507","A→G","1","Q102R (CAG→CGG)","gp40 →","tail fiber protein"
LUZ19-37-4,"SNP","contig00001","34582","C→A","1","T127K (ACG→AAG)","gp40 →","tail fiber protein"
LUZ19-37-4,"SNP","contig00001","35404","G→A","1","C98Y (TGT→TAT)","gp41 →","tail fiber protein"
LUZ19-37-4,"SNP","contig00001","35446","T→A","5.27999878e-01","F112Y (TTC→TAC)","gp41 →","tail fiber protein"
LUZ19-37-5,"SNP","contig00001","5205","T→C","9.62004662e-02","G226G (GGT→GGC)","gp14 →","DNA primase"
LUZ19-37-5,"SNP","contig00001","6673","T→G","1","L32W (TTG→TGG)","gp16 →","nucleotidyltransferase"
LUZ19-37-5,"SNP","contig00001","10509","T→C","8.60800743e-02","F684L (TTC→CTC)","gp19 →","DNA polymerase"
LUZ19-37-5,"SNP","contig00001","16769","C→A","5.85806847e-01","S443Y (TCC→TAC)","gp26 →","RNA polymerase"
LUZ19-37-5,"SNP","contig00001","23558","A→G","1.59772396e-01","Q101R (CAG→CGG)","gp34 →","tail protein"
LUZ19-37-5,"SNP","contig00001","24542","A→G","2.40499973e-01","D429G (GAC→GGC)","gp34 →","tail protein"
LUZ19-37-5,"SNP","contig00001","25060","A→C","7.87501335e-02","M602L (ATG→CTG)","gp34 →","tail protein"
LUZ19-37-5,"SNP","contig00001","33834","T→C","2.11348534e-01","M28T (ATG→ACG)","gp39 →","tail fiber protein"
LUZ19-37-5,"SNP","contig00001","34507","A→G","4.00160789e-01","Q102R (CAG→CGG)","gp40 →","tail fiber protein"
LUZ19-37-5,"SNP","contig00001","34524","C→A","5.64918995e-01","Q108K (CAA→AAA)","gp40 →","tail fiber protein"
LUZ19-37-5,"SNP","contig00001","34582","C→A","1","T127K (ACG→AAG)","gp40 →","tail fiber protein"
LUZ19-37-5,"SNP","contig00001","35404","G→A","1","C98Y (TGT→TAT)","gp41 →","tail fiber protein"
LUZ19-37-6,"SNP","contig00001","3562","A→C","7.52568245e-02","intergenic (+32/-238)","gp12 → / → JPEJBOGK_00010","DNA polymerase/hypothetical protein"
LUZ19-37-6,"SNP","contig00001","6673","T→G","7.22169876e-01","L32W (TTG→TGG)","gp16 →","nucleotidyltransferase"
LUZ19-37-6,"DEL","contig00001","8360","Δ1 bp","4.04779434e-01","coding (218/321 nt)","JPEJBOGK_00016 →","hypothetical protein"
LUZ19-37-6,"SNP","contig00001","9295","A→T","6.69941902e-02","K279I (AAA→ATA)","gp19 →","DNA polymerase"
LUZ19-37-6,"SNP","contig00001","10509","T→C","1.41769409e-01","F684L (TTC→CTC)","gp19 →","DNA polymerase"
LUZ19-37-6,"SNP","contig00001","15734","A→G","1.15214825e-01","Y98C (TAC→TGC)","gp26 →","RNA polymerase"
LUZ19-37-6,"SNP","contig00001","15932","A→G","6.01849556e-02","E164G (GAG→GGG)","gp26 →","RNA polymerase"
LUZ19-37-6,"SNP","contig00001","17561","A→G","7.35049248e-02","E707G (GAG→GGG)","gp26 →","RNA polymerase"
LUZ19-37-6,"SNP","contig00001","17706","G→A","1.42242908e-01","M755I (ATG→ATA)","gp26 →","RNA polymerase"
LUZ19-37-6,"SNP","contig00001","24541","G→A","2.49518394e-01","D429N (GAC→AAC)‡","gp34 →","tail protein"
LUZ19-37-6,"SNP","contig00001","24542","A→C","3.81009340e-01","D429A (GAC→GCC)‡","gp34 →","tail protein"
LUZ19-37-6,"SNP","contig00001","33834","T→C","7.38501549e-02","M28T (ATG→ACG)","gp39 →","tail fiber protein"
LUZ19-37-6,"SNP","contig00001","34524","C→A","1","Q108K (CAA→AAA)","gp40 →","tail fiber protein"
LUZ19-37-6,"SNP","contig00001","34582","C→A","1","T127K (ACG→AAG)","gp40 →","tail fiber protein"
LUZ19-37-6,"SNP","contig00001","35404","G→A","1","C98Y (TGT→TAT)","gp41 →","tail fiber protein"
LUZ19-37-C-1,"SNP","contig00001","3596","G→T","1.22316837e-01","intergenic (+66/-204)","gp12 → / → JPEJBOGK_00010","DNA polymerase/hypothetical protein"
LUZ19-37-C-1,"SNP","contig00001","5227","C→A","2.27372169e-01","L234I (CTC→ATC)","gp14 →","DNA primase"
LUZ19-37-C-1,"SNP","contig00001","10509","T→C","4.38971996e-01","F684L (TTC→CTC)","gp19 →","DNA polymerase"
LUZ19-37-C-1,"SNP","contig00001","34507","A→G","8.40950012e-01","Q102R (CAG→CGG)","gp40 →","tail fiber protein"
LUZ19-37-C-1,"SNP","contig00001","34582","C→A","9.47800159e-01","T127K (ACG→AAG)","gp40 →","tail fiber protein"
LUZ19-37-C-1,"SNP","contig00001","35404","G→A","9.29544926e-01","C98Y (TGT→TAT)","gp41 →","tail fiber protein"
LUZ19-37-C-2,"DEL","contig00001","3563","Δ1 bp","1","intergenic (+33/-237)","gp12 → / → JPEJBOGK_00010","DNA polymerase/hypothetical protein"
LUZ19-37-C-2,"SNP","contig00001","6673","T→G","2.53766537e-01","L32W (TTG→TGG)","gp16 →","nucleotidyltransferase"
LUZ19-37-C-2,"SNP","contig00001","10500","T→C","9.81302261e-02","C681R (TGC→CGC)","gp19 →","DNA polymerase"
LUZ19-37-C-2,"SNP","contig00001","10509","T→C","1.45049572e-01","F684L (TTC→CTC)","gp19 →","DNA polymerase"
LUZ19-37-C-2,"SNP","contig00001","16617","C→A","5.53054810e-02","F392L (TTC→TTA)","gp26 →","RNA polymerase"
LUZ19-37-C-2,"SNP","contig00001","32424","G→A","5.54051399e-02","S1148N (AGC→AAC)","gp37 →","internal virion protein with endolysin domain protein"
LUZ19-37-C-2,"SNP","contig00001","34507","A→G","9.42372799e-01","Q102R (CAG→CGG)","gp40 →","tail fiber protein"
LUZ19-37-C-2,"SNP","contig00001","34582","C→A","1","T127K (ACG→AAG)","gp40 →","tail fiber protein"
LUZ19-37-C-2,"SNP","contig00001","35404","G→A","1","C98Y (TGT→TAT)","gp41 →","tail fiber protein"
LUZ19-37-C-3,"SNP","contig00001","5205","T→C","8.25614929e-02","G226G (GGT→GGC)","gp14 →","DNA primase"
LUZ19-37-C-3,"SNP","contig00001","5229","C→A","7.09886551e-02","L234L (CTC→CTA)","gp14 →","DNA primase"
LUZ19-37-C-3,"SNP","contig00001","6673","T→G","3.81569386e-01","L32W (TTG→TGG)","gp16 →","nucleotidyltransferase"
LUZ19-37-C-3,"SNP","contig00001","8801","T→G","6.04329109e-02","S114R (AGT→AGG)","gp19 →","DNA polymerase"
LUZ19-37-C-3,"SNP","contig00001","10509","T→C","1.45490170e-01","F684L (TTC→CTC)","gp19 →","DNA polymerase"
LUZ19-37-C-3,"SNP","contig00001","12174","T→C","5.22747040e-02","V310A (GTG→GCG)","JPEJBOGK_00019 →","hypothetical protein"
LUZ19-37-C-3,"SNP","contig00001","18350","G→A","6.15763664e-02","G13D (GGC→GAC)","gp28 →","GNAT family N-acetyltransferase"
LUZ19-37-C-3,"SNP","contig00001","34507","A→G","1","Q102R (CAG→CGG)","gp40 →","tail fiber protein"
LUZ19-37-C-3,"SNP","contig00001","34582","C→A","1","T127K (ACG→AAG)","gp40 →","tail fiber protein"
LUZ19-37-C-3,"SNP","contig00001","35404","G→A","1","C98Y (TGT→TAT)","gp41 →","tail fiber protein"
LUZ19-37-C-4,"SNP","contig00001","8801","T→G","5.18445969e-02","S114R (AGT→AGG)","gp19 →","DNA polymerase"
LUZ19-37-C-4,"INS","contig00001","9765","​+ACACCT","5.18150814e-02","coding (1306/2424 nt)","gp19 →","DNA polymerase"
LUZ19-37-C-4,"SNP","contig00001","10258","C→A","7.08212852e-02","A600D (GCT→GAT)","gp19 →","DNA polymerase"
LUZ19-37-C-4,"SNP","contig00001","10509","T→C","1.29817009e-01","F684L (TTC→CTC)","gp19 →","DNA polymerase"
LUZ19-37-C-4,"SNP","contig00001","34507","A→G","9.29908752e-02","Q102R (CAG→CGG)","gp40 →","tail fiber protein"
LUZ19-37-C-4,"SNP","contig00001","34526","A→C","7.75303841e-02","Q108H (CAA→CAC)","gp40 →","tail fiber protein"
LUZ19-37-C-4,"SNP","contig00001","34561","A→G","3.13103676e-01","D120G (GAT→GGT)","gp40 →","tail fiber protein"
LUZ19-37-C-4,"SNP","contig00001","34582","C→A","6.48378849e-01","T127K (ACG→AAG)","gp40 →","tail fiber protein"
LUZ19-37-C-4,"SNP","contig00001","34951","A→G","6.59325123e-01","Q250R (CAG→CGG)","gp40 →","tail fiber protein"
LUZ19-37-C-4,"SNP","contig00001","35404","G→A","8.61265659e-01","C98Y (TGT→TAT)","gp41 →","tail fiber protein"
LUZ19-37-C-5,"SNP","contig00001","5206","A→G","2.42058754e-01","S227G (AGT→GGT)‡","gp14 →","DNA primase"
LUZ19-37-C-5,"SNP","contig00001","5208","T→A","2.38739967e-01","S227R (AGT→AGA)‡","gp14 →","DNA primase"
LUZ19-37-C-5,"SNP","contig00001","5227","C→A","9.76843834e-02","L234I (CTC→ATC)","gp14 →","DNA primase"
LUZ19-37-C-5,"SNP","contig00001","7692","A→G","5.57041168e-02","Q165R (CAG→CGG)","JPEJBOGK_00015 →","DNA ligase"
LUZ19-37-C-5,"SNP","contig00001","10509","T→C","2.66391277e-01","F684L (TTC→CTC)","gp19 →","DNA polymerase"
LUZ19-37-C-5,"SNP","contig00001","12162","T→C","2.52709389e-01","V306A (GTG→GCG)","JPEJBOGK_00019 →","hypothetical protein"
LUZ19-37-C-5,"SNP","contig00001","34507","A→G","6.89913273e-01","Q102R (CAG→CGG)","gp40 →","tail fiber protein"
LUZ19-37-C-5,"SNP","contig00001","34561","A→G","2.77513981e-01","D120G (GAT→GGT)","gp40 →","tail fiber protein"
LUZ19-37-C-5,"SNP","contig00001","34580","C→A","7.10749626e-02","N126K (AAC→AAA)","gp40 →","tail fiber protein"
LUZ19-37-C-5,"SNP","contig00001","34582","C→A","6.40486717e-01","T127K (ACG→AAG)","gp40 →","tail fiber protein"
LUZ19-37-C-5,"SNP","contig00001","35404","G→A","8.80024910e-01","C98Y (TGT→TAT)","gp41 →","tail fiber protein"
LUZ19-37-C-5,"INS","contig00001","39225","​+CCAT","5.54439287e-02","intergenic (+21/-27)","gp47 → / → gp48","minor head protein/minor head protein"
LUZ19-37-C-6,"SNP","contig00001","5157","C→T","9.91120338e-02","C210C (TGC→TGT)","gp14 →","DNA primase"
LUZ19-37-C-6,"SNP","contig00001","5447","A→C","5.51190376e-02","K43Q (AAG→CAG)","gp15 →","AAA family ATPase"
LUZ19-37-C-6,"SNP","contig00001","10509","T→C","3.67796421e-01","F684L (TTC→CTC)","gp19 →","DNA polymerase"
LUZ19-37-C-6,"SNP","contig00001","34507","A→G","5.74522018e-02","Q102R (CAG→CGG)","gp40 →","tail fiber protein"
LUZ19-37-C-6,"SNP","contig00001","34580","C→A","1.03870869e-01","N126K (AAC→AAA)","gp40 →","tail fiber protein"
LUZ19-37-C-6,"SNP","contig00001","34582","C→A","8.79219532e-01","T127K (ACG→AAG)","gp40 →","tail fiber protein"
LUZ19-37-C-6,"SNP","contig00001","34951","A→G","7.17955112e-01","Q250R (CAG→CGG)","gp40 →","tail fiber protein"
LUZ19-37-C-6,"SNP","contig00001","35404","G→A","9.09826279e-01","C98Y (TGT→TAT)","gp41 →","tail fiber protein"
LUZ19-42-1,"SNP","contig00001","23558","A→G","1.06497765e-01","Q101R (CAG→CGG)","gp34 →","tail protein"
LUZ19-42-1,"SNP","contig00001","24828","C→A","1.50142670e-01","S524R (AGC→AGA)","gp34 →","tail protein"
LUZ19-42-1,"SNP","contig00001","24934","A→G","5.26647568e-02","S560G (AGC→GGC)","gp34 →","tail protein"
LUZ19-42-1,"SNP","contig00001","25448","C→T","5.68675995e-02","A731V (GCA→GTA)","gp34 →","tail protein"
LUZ19-42-1,"INS","contig00001","25696","​+AGTACAACTTCA","1.13424584e-01","coding (2440/2481 nt)","gp34 →","tail protein"
LUZ19-42-1,"SNP","contig00001","34506","C→A","1","Q102K (CAG→AAG)","gp40 →","tail fiber protein"
LUZ19-42-1,"SNP","contig00001","34582","C→A","1","T127K (ACG→AAG)","gp40 →","tail fiber protein"
LUZ19-42-1,"SNP","contig00001","34954","T→C","1","V251A (GTC→GCC)","gp40 →","tail fiber protein"
LUZ19-42-1,"SNP","contig00001","35404","G→A","1","C98Y (TGT→TAT)","gp41 →","tail fiber protein"
LUZ19-42-1,"SNP","contig00001","37733","A→G","9.56988335e-02","K568E (AAG→GAG)","gp43 →","terminase large subunit"
LUZ19-42-1,"SNP","contig00001","37829","A→G","6.90360069e-02","R600G (AGA→GGA)‡","gp43 →","terminase large subunit"
LUZ19-42-1,"SNP","contig00001","37831","A→G","1.94914341e-01","R600R (AGA→AGG)‡","gp43 →","terminase large subunit"
LUZ19-42-1,"INS","contig00001","40324","​+CTAGC","8.67641066e-01","intergenic (-55/-1288)","JPEJBOGK_00049 ← / → JPEJBOGK_00050","hypothetical protein/hypothetical protein"
LUZ19-42-1,"SNP","contig00001","40327","A→T","1.51768208e-01","intergenic (-58/-1285)","JPEJBOGK_00049 ← / → JPEJBOGK_00050","hypothetical protein/hypothetical protein"
LUZ19-42-2,"SNP","contig00001","2650","A→G","8.28042030e-02","T98A (ACC→GCC)","JPEJBOGK_00008 →","hypothetical protein"
LUZ19-42-2,"SNP","contig00001","23558","A→G","4.29831982e-01","Q101R (CAG→CGG)","gp34 →","tail protein"
LUZ19-42-2,"SNP","contig00001","33881","C→T","5.15542030e-02","L44L (CTG→TTG)","gp39 →","tail fiber protein"
LUZ19-42-2,"SNP","contig00001","34332","A→G","7.19547272e-02","T44A (ACC→GCC)","gp40 →","tail fiber protein"
LUZ19-42-2,"SNP","contig00001","34506","C→A","1","Q102K (CAG→AAG)","gp40 →","tail fiber protein"
LUZ19-42-2,"SNP","contig00001","34582","C→A","1","T127K (ACG→AAG)","gp40 →","tail fiber protein"
LUZ19-42-2,"SNP","contig00001","34954","T→C","1","V251A (GTC→GCC)","gp40 →","tail fiber protein"
LUZ19-42-2,"SNP","contig00001","35404","G→A","1","C98Y (TGT→TAT)","gp41 →","tail fiber protein"
LUZ19-42-2,"INS","contig00001","40276","​+GCCTCCTGTG","1.51341813e-01","intergenic (-7/-1336)","JPEJBOGK_00049 ← / → JPEJBOGK_00050","hypothetical protein/hypothetical protein"
LUZ19-42-2,"INS","contig00001","40327","​+GCCTT","8.85972290e-01","intergenic (-58/-1285)","JPEJBOGK_00049 ← / → JPEJBOGK_00050","hypothetical protein/hypothetical protein"
LUZ19-42-3,"SNP","contig00001","768","G→C","6.22615814e-02","V16L (GTC→CTC)","JPEJBOGK_00003 →","hypothetical protein"
LUZ19-42-3,"SNP","contig00001","18948","A→G","6.59337044e-02","D73G (GAT→GGT)","gp29 →","virion structural protein"
LUZ19-42-3,"SNP","contig00001","18954","C→G","6.35147095e-02","T75S (ACT→AGT)","gp29 →","virion structural protein"
LUZ19-42-3,"SNP","contig00001","23374","T→A","1.03430271e-01","S40T (TCA→ACA)","gp34 →","tail protein"
LUZ19-42-3,"SNP","contig00001","23558","A→G","1.31159782e-01","Q101R (CAG→CGG)","gp34 →","tail protein"
LUZ19-42-3,"SNP","contig00001","34506","C→A","1","Q102K (CAG→AAG)","gp40 →","tail fiber protein"
LUZ19-42-3,"SNP","contig00001","34582","C→A","1","T127K (ACG→AAG)","gp40 →","tail fiber protein"
LUZ19-42-3,"SNP","contig00001","34954","T→C","1","V251A (GTC→GCC)","gp40 →","tail fiber protein"
LUZ19-42-3,"SNP","contig00001","35404","G→A","1","C98Y (TGT→TAT)","gp41 →","tail fiber protein"
LUZ19-42-3,"SNP","contig00001","37724","G→A","3.18167686e-01","A565T (GCT→ACT)","gp43 →","terminase large subunit"
LUZ19-42-3,"INS","contig00001","40330","​+T","2.27038383e-01","intergenic (-61/-1282)","JPEJBOGK_00049 ← / → JPEJBOGK_00050","hypothetical protein/hypothetical protein"
LUZ19-42-3,"DEL","contig00001","40331","Δ1 bp","1.04434490e-01","intergenic (-62/-1281)","JPEJBOGK_00049 ← / → JPEJBOGK_00050","hypothetical protein/hypothetical protein"
LUZ19-42-3,"INS","contig00001","40332","(GCCTT)1→2","3.30728028e-01","intergenic (-63/-1280)","JPEJBOGK_00049 ← / → JPEJBOGK_00050","hypothetical protein/hypothetical protein"
LUZ19-42-4,"SNP","contig00001","24389","A→C","8.24627876e-02","D378A (GAT→GCT)","gp34 →","tail protein"
LUZ19-42-4,"SNP","contig00001","24974","A→T","5.91709614e-01","Q573L (CAG→CTG)","gp34 →","tail protein"
LUZ19-42-4,"INS","contig00001","25700","​+CAACTTCAAGTC","1.13526225e-01","coding (2444/2481 nt)","gp34 →","tail protein"
LUZ19-42-4,"SNP","contig00001","34332","A→G","1.01110935e-01","T44A (ACC→GCC)","gp40 →","tail fiber protein"
LUZ19-42-4,"SNP","contig00001","34506","C→A","1","Q102K (CAG→AAG)","gp40 →","tail fiber protein"
LUZ19-42-4,"SNP","contig00001","34582","C→A","1","T127K (ACG→AAG)","gp40 →","tail fiber protein"
LUZ19-42-4,"SNP","contig00001","34954","T→C","1","V251A (GTC→GCC)","gp40 →","tail fiber protein"
LUZ19-42-4,"SNP","contig00001","35404","G→A","1","C98Y (TGT→TAT)","gp41 →","tail fiber protein"
LUZ19-42-4,"SNP","contig00001","35446","T→A","5.24258614e-02","F112Y (TTC→TAC)","gp41 →","tail fiber protein"
LUZ19-42-4,"SNP","contig00001","37828","A→G","7.47279644e-01","R599R (CGA→CGG)","gp43 →","terminase large subunit"
LUZ19-42-4,"INS","contig00001","40324","​+CTAGC","2.51819418e-01","intergenic (-55/-1288)","JPEJBOGK_00049 ← / → JPEJBOGK_00050","hypothetical protein/hypothetical protein"
LUZ19-42-4,"INS","contig00001","40327","​+GCCTT","4.10159483e-01","intergenic (-58/-1285)","JPEJBOGK_00049 ← / → JPEJBOGK_00050","hypothetical protein/hypothetical protein"
LUZ19-42-4,"DEL","contig00001","40329","Δ1 bp","8.75658989e-02","intergenic (-60/-1283)","JPEJBOGK_00049 ← / → JPEJBOGK_00050","hypothetical protein/hypothetical protein"
LUZ19-42-4,"SNP","contig00001","40338","T→C","1.63336277e-01","intergenic (-69/-1274)","JPEJBOGK_00049 ← / → JPEJBOGK_00050","hypothetical protein/hypothetical protein"
LUZ19-42-4,"INS","contig00001","40478","​+CCTGTCGCTC","1.04748001e-01","intergenic (-209/-1134)","JPEJBOGK_00049 ← / → JPEJBOGK_00050","hypothetical protein/hypothetical protein"
LUZ19-42-4,"INS","contig00001","40494","​+GCTGT","1.03636525e-01","intergenic (-225/-1118)","JPEJBOGK_00049 ← / → JPEJBOGK_00050","hypothetical protein/hypothetical protein"
LUZ19-42-5,"SNP","contig00001","24934","A→G","2.00487137e-01","S560G (AGC→GGC)","gp34 →","tail protein"
LUZ19-42-5,"SNP","contig00001","24984","G→T","1.56562805e-01","E576D (GAG→GAT)","gp34 →","tail protein"
LUZ19-42-5,"SNP","contig00001","34332","A→G","3.76376152e-01","T44A (ACC→GCC)","gp40 →","tail fiber protein"
LUZ19-42-5,"SNP","contig00001","34506","C→A","1","Q102K (CAG→AAG)","gp40 →","tail fiber protein"
LUZ19-42-5,"SNP","contig00001","34582","C→A","1","T127K (ACG→AAG)","gp40 →","tail fiber protein"
LUZ19-42-5,"SNP","contig00001","34603","A→G","8.99035454e-01","D134G (GAT→GGT)","gp40 →","tail fiber protein"
LUZ19-42-5,"SNP","contig00001","34954","T→C","1","V251A (GTC→GCC)","gp40 →","tail fiber protein"
LUZ19-42-5,"SNP","contig00001","35073","A→T","5.47375679e-02","T291S (ACC→TCC)","gp40 →","tail fiber protein"
LUZ19-42-5,"SNP","contig00001","35404","G→A","1","C98Y (TGT→TAT)","gp41 →","tail fiber protein"
LUZ19-42-5,"SNP","contig00001","35999","A→G","1.60102367e-01","M95V (ATG→GTG)","gp42 →","terminase small subunit"
LUZ19-42-5,"INS","contig00001","39783","​+TTGGCTGGAGG","1.21971041e-01","intergenic (+61/+265)","JPEJBOGK_00048 → / ← JPEJBOGK_00049","hypothetical protein/hypothetical protein"
LUZ19-42-5,"DEL","contig00001","40316","Δ8 bp","4.00707809e-01","intergenic (-47/-1289)","JPEJBOGK_00049 ← / → JPEJBOGK_00050","hypothetical protein/hypothetical protein"
LUZ19-42-5,"INS","contig00001","40321","​+TGGCT","4.86317776e-01","intergenic (-52/-1291)","JPEJBOGK_00049 ← / → JPEJBOGK_00050","hypothetical protein/hypothetical protein"
LUZ19-42-5,"INS","contig00001","40327","​+GCCTT","9.20989537e-01","intergenic (-58/-1285)","JPEJBOGK_00049 ← / → JPEJBOGK_00050","hypothetical protein/hypothetical protein"
LUZ19-42-5,"INS","contig00001","40478","​+CCTGTCGCTC","1.71138678e-01","intergenic (-209/-1134)","JPEJBOGK_00049 ← / → JPEJBOGK_00050","hypothetical protein/hypothetical protein"
LUZ19-42-5,"INS","contig00001","40489","​+CTGGCGCTGTGCTGTG","1.60748395e-01","intergenic (-220/-1123)","JPEJBOGK_00049 ← / → JPEJBOGK_00050","hypothetical protein/hypothetical protein"
LUZ19-42-6,"SNP","contig00001","23558","A→G","7.60488510e-02","Q101R (CAG→CGG)","gp34 →","tail protein"
LUZ19-42-6,"SNP","contig00001","25105","C→T","2.11630344e-01","H617Y (CAC→TAC)","gp34 →","tail protein"
LUZ19-42-6,"INS","contig00001","25712","(CAACTTCAAGTC)1→2","8.75799627e-02","coding (2456/2481 nt)","gp34 →","tail protein"
LUZ19-42-6,"SNP","contig00001","33765","T→C","3.59497547e-01","I5T (ATC→ACC)","gp39 →","tail fiber protein"
LUZ19-42-6,"SNP","contig00001","33833","A→G","1.24705315e-01","M28V (ATG→GTG)‡","gp39 →","tail fiber protein"
LUZ19-42-6,"SNP","contig00001","33834","T→C","3.64179134e-01","M28T (ATG→ACG)‡","gp39 →","tail fiber protein"
LUZ19-42-6,"SNP","contig00001","34332","A→G","7.15155602e-02","T44A (ACC→GCC)","gp40 →","tail fiber protein"
LUZ19-42-6,"SNP","contig00001","34506","C→A","1","Q102K (CAG→AAG)","gp40 →","tail fiber protein"
LUZ19-42-6,"SNP","contig00001","34582","C→A","1","T127K (ACG→AAG)","gp40 →","tail fiber protein"
LUZ19-42-6,"SNP","contig00001","34954","T→C","1","V251A (GTC→GCC)","gp40 →","tail fiber protein"
LUZ19-42-6,"SNP","contig00001","35404","G→A","1","C98Y (TGT→TAT)","gp41 →","tail fiber protein"
LUZ19-42-6,"SNP","contig00001","37733","A→G","6.64811134e-02","K568E (AAG→GAG)","gp43 →","terminase large subunit"
LUZ19-42-6,"INS","contig00001","40324","​+CTAGC","7.08201915e-01","intergenic (-55/-1288)","JPEJBOGK_00049 ← / → JPEJBOGK_00050","hypothetical protein/hypothetical protein"
LUZ19-42-6,"SNP","contig00001","40327","A→T","6.39858246e-02","intergenic (-58/-1285)","JPEJBOGK_00049 ← / → JPEJBOGK_00050","hypothetical protein/hypothetical protein"
LUZ19-42-6,"DEL","contig00001","40331","Δ1 bp","1.09114170e-01","intergenic (-62/-1281)","JPEJBOGK_00049 ← / → JPEJBOGK_00050","hypothetical protein/hypothetical protein"
LUZ19-42-6,"INS","contig00001","40335","​+T","1.40197277e-01","intergenic (-66/-1277)","JPEJBOGK_00049 ← / → JPEJBOGK_00050","hypothetical protein/hypothetical protein"
LUZ19-42-C-1,"SNP","contig00001","10730","C→A","8.64596367e-02","D757E (GAC→GAA)","gp19 →","DNA polymerase"
LUZ19-42-C-1,"SNP","contig00001","34506","C→A","7.96940327e-01","Q102K (CAG→AAG)","gp40 →","tail fiber protein"
LUZ19-42-C-1,"SNP","contig00001","34560","G→A","1.02834702e-01","D120N (GAT→AAT)","gp40 →","tail fiber protein"
LUZ19-42-C-1,"SNP","contig00001","34582","C→A","2.04181194e-01","T127K (ACG→AAG)","gp40 →","tail fiber protein"
LUZ19-42-C-1,"SNP","contig00001","34954","T→C","7.65914917e-02","V251A (GTC→GCC)","gp40 →","tail fiber protein"
LUZ19-42-C-1,"SNP","contig00001","35404","G→A","7.12070465e-02","C98Y (TGT→TAT)","gp41 →","tail fiber protein"
LUZ19-42-C-1,"SNP","contig00001","40095","C→T","7.13968277e-02","G59R (GGG→AGG)","JPEJBOGK_00049 ←","hypothetical protein"
LUZ19-42-C-1,"SNP","contig00001","42443","A→G","9.42640305e-02","T104A (ACC→GCC)","JPEJBOGK_00052 →","hypothetical protein"
LUZ19-42-C-2,"SNP","contig00001","4317","T→C","8.79979134e-02","M173T (ATG→ACG)","JPEJBOGK_00010 →","hypothetical protein"
LUZ19-42-C-2,"SNP","contig00001","34506","C→A","1","Q102K (CAG→AAG)","gp40 →","tail fiber protein"
LUZ19-42-C-2,"SNP","contig00001","34560","G→A","7.85713196e-01","D120N (GAT→AAT)","gp40 →","tail fiber protein"
LUZ19-42-C-2,"SNP","contig00001","34582","C→A","1.61014557e-01","T127K (ACG→AAG)","gp40 →","tail fiber protein"
LUZ19-42-C-2,"SNP","contig00001","34954","T→C","1.24601841e-01","V251A (GTC→GCC)","gp40 →","tail fiber protein"
LUZ19-42-C-2,"SNP","contig00001","35073","A→T","1.40545368e-01","T291S (ACC→TCC)","gp40 →","tail fiber protein"
LUZ19-42-C-2,"DEL","contig00001","41781","Δ6 bp","3.66825425e-01","coding (170-175/285 nt)","JPEJBOGK_00050 →","hypothetical protein"
LUZ19-42-C-2,"SNP","contig00001","41796","A→C","6.99257851e-02","H62P (CAC→CCC)","JPEJBOGK_00050 →","hypothetical protein"
LUZ19-42-C-2,"SNP","contig00001","42443","A→G","4.46381092e-01","T104A (ACC→GCC)","JPEJBOGK_00052 →","hypothetical protein"
LUZ19-42-C-2,"SNP","contig00001","42528","C→T","1.42793179e-01","A132V (GCC→GTC)","JPEJBOGK_00052 →","hypothetical protein"
LUZ19-42-C-3,"SNP","contig00001","34332","A→G","1.73092365e-01","T44A (ACC→GCC)","gp40 →","tail fiber protein"
LUZ19-42-C-3,"SNP","contig00001","34506","C→A","2.20910549e-01","Q102K (CAG→AAG)","gp40 →","tail fiber protein"
LUZ19-42-C-3,"SNP","contig00001","34582","C→A","8.45904350e-01","T127K (ACG→AAG)","gp40 →","tail fiber protein"
LUZ19-42-C-3,"SNP","contig00001","34951","A→C","6.76473141e-01","Q250P (CAG→CCG)","gp40 →","tail fiber protein"
LUZ19-42-C-3,"SNP","contig00001","35404","G→A","7.50381470e-01","C98Y (TGT→TAT)","gp41 →","tail fiber protein"
LUZ19-42-C-3,"SNP","contig00001","40119","T→G","6.00876808e-02","R51R (AGG→CGG)","JPEJBOGK_00049 ←","hypothetical protein"
LUZ19-42-C-3,"SNP","contig00001","42261","T→C","5.05862236e-02","I43T (ATC→ACC)","JPEJBOGK_00052 →","hypothetical protein"
LUZ19-42-C-3,"SNP","contig00001","42360","T→C","1.38564587e-01","L76P (CTG→CCG)","JPEJBOGK_00052 →","hypothetical protein"
LUZ19-42-C-3,"SNP","contig00001","42443","A→G","1.30581379e-01","T104A (ACC→GCC)","JPEJBOGK_00052 →","hypothetical protein"
LUZ19-42-C-3,"SNP","contig00001","42600","T→C","7.59382248e-02","L156S (TTG→TCG)","JPEJBOGK_00052 →","hypothetical protein"
LUZ19-42-C-3,"SNP","contig00001","42645","A→G","7.17792511e-02","E171G (GAG→GGG)","JPEJBOGK_00052 →","hypothetical protein"
LUZ19-42-C-4,"SNP","contig00001","27861","A→G","7.12432861e-01","K527R (AAG→AGG)","gp36 →","internal virion lysozyme motif protein"
LUZ19-42-C-4,"SNP","contig00001","34332","A→G","9.45059776e-01","T44A (ACC→GCC)","gp40 →","tail fiber protein"
LUZ19-42-C-4,"SNP","contig00001","34506","C→A","6.31785393e-02","Q102K (CAG→AAG)‡","gp40 →","tail fiber protein"
LUZ19-42-C-4,"SNP","contig00001","34507","A→G","9.11706448e-01","Q102R (CAG→CGG)‡","gp40 →","tail fiber protein"
LUZ19-42-C-4,"SNP","contig00001","34582","C→A","1","T127K (ACG→AAG)","gp40 →","tail fiber protein"
LUZ19-42-C-4,"SNP","contig00001","35404","G→A","9.22078609e-01","C98Y (TGT→TAT)","gp41 →","tail fiber protein"
LUZ19-42-C-4,"SNP","contig00001","37294","G→T","7.93555260e-01","A421A (GCG→GCT)","gp43 →","terminase large subunit"
LUZ19-42-C-4,"DEL","contig00001","41768","Δ28 bp","1.92849040e-01","coding (157-184/285 nt)","JPEJBOGK_00050 →","hypothetical protein"
LUZ19-42-C-5,"SNP","contig00001","3523","T→C","1.16364479e-01","L268P (CTC→CCC)","gp12 →","DNA polymerase"
LUZ19-42-C-5,"SNP","contig00001","4170","G→A","6.95266724e-02","G124D (GGC→GAC)","JPEJBOGK_00010 →","hypothetical protein"
LUZ19-42-C-5,"SNP","contig00001","30972","A→G","1.48000717e-01","K664R (AAG→AGG)","gp37 →","internal virion protein with endolysin domain protein"
LUZ19-42-C-5,"SNP","contig00001","34332","A→G","5.59425831e-01","T44A (ACC→GCC)","gp40 →","tail fiber protein"
LUZ19-42-C-5,"SNP","contig00001","34506","C→A","4.51784134e-01","Q102K (CAG→AAG)","gp40 →","tail fiber protein"
LUZ19-42-C-5,"SNP","contig00001","34560","G→A","3.35935116e-01","D120N (GAT→AAT)","gp40 →","tail fiber protein"
LUZ19-42-C-5,"SNP","contig00001","34582","C→A","5.85437775e-01","T127K (ACG→AAG)","gp40 →","tail fiber protein"
LUZ19-42-C-5,"SNP","contig00001","35404","G→A","1.91926479e-01","C98Y (TGT→TAT)","gp41 →","tail fiber protein"
LUZ19-42-C-5,"DEL","contig00001","41768","Δ28 bp","8.66777946e-02","coding (157-184/285 nt)","JPEJBOGK_00050 →","hypothetical protein"
LUZ19-42-C-5,"SNP","contig00001","41796","A→C","9.21697617e-02","H62P (CAC→CCC)","JPEJBOGK_00050 →","hypothetical protein"
LUZ19-42-C-5,"SNP","contig00001","42443","A→G","2.49224663e-01","T104A (ACC→GCC)","JPEJBOGK_00052 →","hypothetical protein"
LUZ19-42-C-5,"SNP","contig00001","42527","G→A","1.55566216e-01","A132T (GCC→ACC)","JPEJBOGK_00052 →","hypothetical protein"
LUZ19-42-C-6,"SNP","contig00001","4729","A→C","1.06046200e-01","R68R (AGG→CGG)","gp14 →","DNA primase"
LUZ19-42-C-6,"SNP","contig00001","24202","A→G","5.53402901e-02","T316A (ACC→GCC)","gp34 →","tail protein"
LUZ19-42-C-6,"SNP","contig00001","34332","A→G","5.83572388e-01","T44A (ACC→GCC)","gp40 →","tail fiber protein"
LUZ19-42-C-6,"SNP","contig00001","34506","C→A","5.08556366e-01","Q102K (CAG→AAG)","gp40 →","tail fiber protein"
LUZ19-42-C-6,"SNP","contig00001","34560","G→A","6.56070709e-02","D120N (GAT→AAT)","gp40 →","tail fiber protein"
LUZ19-42-C-6,"SNP","contig00001","34582","C→A","7.16818810e-01","T127K (ACG→AAG)","gp40 →","tail fiber protein"
LUZ19-42-C-6,"SNP","contig00001","34954","T→C","6.76970482e-02","V251A (GTC→GCC)","gp40 →","tail fiber protein"
LUZ19-42-C-6,"DEL","contig00001","41768","Δ28 bp","4.02177091e-01","coding (157-184/285 nt)","JPEJBOGK_00050 →","hypothetical protein"
LUZ19-42-C-6,"SNP","contig00001","42443","A→G","8.69026184e-02","T104A (ACC→GCC)","JPEJBOGK_00052 →","hypothetical protein"
LUZ19-anc-1,"SNP","contig00001","34330","A→G","1.09677315e-01","D43G (GAT→GGT)","gp40 →","tail fiber protein"
LUZ19-anc-1,"SNP","contig00001","34561","A→G","1.16361141e-01","D120G (GAT→GGT)","gp40 →","tail fiber protein"
LUZ19-anc-1,"SNP","contig00001","34582","C→A","5.53116798e-02","T127K (ACG→AAG)","gp40 →","tail fiber protein"
LUZ19-anc-2,"SNP","contig00001","34330","A→G","1.12761021e-01","D43G (GAT→GGT)","gp40 →","tail fiber protein"
LUZ19-anc-2,"SNP","contig00001","34561","A→G","1.17506981e-01","D120G (GAT→GGT)","gp40 →","tail fiber protein"
LUZ19-anc-3,"SNP","contig00001","34330","A→G","1.11742020e-01","D43G (GAT→GGT)","gp40 →","tail fiber protein"
LUZ19-anc-3,"SNP","contig00001","34561","A→G","1.33479118e-01","D120G (GAT→GGT)","gp40 →","tail fiber protein"
LUZ19-F-1,"SNP","contig00001","8428","C→T","5.23643494e-02","Q96* (CAG→TAG)","JPEJBOGK_00016 →","hypothetical protein"
LUZ19-F-1,"SNP","contig00001","24973","C→A","8.14809799e-02","Q573K (CAG→AAG)","gp34 →","tail protein"
LUZ19-F-1,"SNP","contig00001","25274","T→A","5.83944321e-02","M673K (ATG→AAG)","gp34 →","tail protein"
LUZ19-F-1,"SNP","contig00001","25405","G→T","7.16557503e-02","V717F (GTT→TTT)","gp34 →","tail protein"
LUZ19-F-1,"SNP","contig00001","34332","A→G","1.21992111e-01","T44A (ACC→GCC)","gp40 →","tail fiber protein"
LUZ19-F-1,"SNP","contig00001","34388","G→A","1.01470947e-01","P62P (CCG→CCA)","gp40 →","tail fiber protein"
LUZ19-F-1,"SNP","contig00001","34506","C→A","1","Q102K (CAG→AAG)","gp40 →","tail fiber protein"
LUZ19-F-1,"SNP","contig00001","34582","C→A","1","T127K (ACG→AAG)","gp40 →","tail fiber protein"
LUZ19-F-1,"SNP","contig00001","34954","T→C","1","V251A (GTC→GCC)","gp40 →","tail fiber protein"
LUZ19-F-1,"SNP","contig00001","35404","G→A","1","C98Y (TGT→TAT)","gp41 →","tail fiber protein"
LUZ19-F-1,"INS","contig00001","39913","​+CCTTG","6.51258041e-02","intergenic (+191/+135)","JPEJBOGK_00048 → / ← JPEJBOGK_00049","hypothetical protein/hypothetical protein"
LUZ19-F-1,"INS","contig00001","40324","​+CTAGC","3.89095790e-01","intergenic (-55/-1288)","JPEJBOGK_00049 ← / → JPEJBOGK_00050","hypothetical protein/hypothetical protein"
LUZ19-F-2,"SNP","contig00001","6673","T→G","2.68081188e-01","L32W (TTG→TGG)","gp16 →","nucleotidyltransferase"
LUZ19-F-2,"SNP","contig00001","15953","A→C","5.42035103e-02","D171A (GAT→GCT)","gp26 →","RNA polymerase"
LUZ19-F-2,"SNP","contig00001","24541","G→A","7.91010380e-01","D429N (GAC→AAC)","gp34 →","tail protein"
LUZ19-F-2,"SNP","contig00001","24553","A→C","5.33447266e-02","I433L (ATC→CTC)","gp34 →","tail protein"
LUZ19-F-2,"SNP","contig00001","34506","C→A","1","Q102K (CAG→AAG)","gp40 →","tail fiber protein"
LUZ19-F-2,"SNP","contig00001","34582","C→A","1","T127K (ACG→AAG)","gp40 →","tail fiber protein"
LUZ19-F-2,"SNP","contig00001","34954","T→C","1","V251A (GTC→GCC)","gp40 →","tail fiber protein"
LUZ19-F-2,"SNP","contig00001","35404","G→A","1","C98Y (TGT→TAT)","gp41 →","tail fiber protein"
LUZ19-F-2,"INS","contig00001","40324","​+CTAGC","4.18231900e-01","intergenic (-55/-1288)","JPEJBOGK_00049 ← / → JPEJBOGK_00050","hypothetical protein/hypothetical protein"
LUZ19-F-3,"SNP","contig00001","5227","C→A","3.34801197e-01","L234I (CTC→ATC)","gp14 →","DNA primase"
LUZ19-F-3,"SNP","contig00001","15953","A→C","1.12546921e-01","D171A (GAT→GCT)","gp26 →","RNA polymerase"
LUZ19-F-3,"SNP","contig00001","22725","T→C","5.12638092e-02","V9A (GTC→GCC)","gp33 →","tail tubular protein A"
LUZ19-F-3,"SNP","contig00001","24541","G→A","1.93881989e-01","D429N (GAC→AAC)‡","gp34 →","tail protein"
LUZ19-F-3,"SNP","contig00001","24542","A→C","6.23383522e-02","D429A (GAC→GCC)‡","gp34 →","tail protein"
LUZ19-F-3,"SNP","contig00001","24553","A→C","1.43450737e-01","I433L (ATC→CTC)","gp34 →","tail protein"
LUZ19-F-3,"SNP","contig00001","24934","A→G","5.38845062e-02","S560G (AGC→GGC)","gp34 →","tail protein"
LUZ19-F-3,"SNP","contig00001","34507","A→G","1","Q102R (CAG→CGG)","gp40 →","tail fiber protein"
LUZ19-F-3,"SNP","contig00001","34582","C→A","1","T127K (ACG→AAG)","gp40 →","tail fiber protein"
LUZ19-F-3,"SNP","contig00001","34866","G→C","1","G222R (GGC→CGC)","gp40 →","tail fiber protein"
LUZ19-F-3,"SNP","contig00001","35404","G→A","1","C98Y (TGT→TAT)","gp41 →","tail fiber protein"
LUZ19-F-3,"SNP","contig00001","35446","T→A","6.31113529e-01","F112Y (TTC→TAC)","gp41 →","tail fiber protein"
LUZ19-F-3,"DEL","contig00001","37798","Δ18 bp","7.63359963e-02","coding (1767-1784/1806 nt)","gp43 →","terminase large subunit"
LUZ19-F-3,"INS","contig00001","40327","​+GCCTT","1.20439342e-01","intergenic (-58/-1285)","JPEJBOGK_00049 ← / → JPEJBOGK_00050","hypothetical protein/hypothetical protein"
LUZ19-F-4,"SNP","contig00001","6673","T→G","6.25167847e-01","L32W (TTG→TGG)","gp16 →","nucleotidyltransferase"
LUZ19-F-4,"SNP","contig00001","16985","A→C","1.15729332e-01","H515P (CAC→CCC)","gp26 →","RNA polymerase"
LUZ19-F-4,"SNP","contig00001","18948","A→G","1.51473045e-01","D73G (GAT→GGT)","gp29 →","virion structural protein"
LUZ19-F-4,"SNP","contig00001","18954","C→G","1.46008492e-01","T75S (ACT→AGT)","gp29 →","virion structural protein"
LUZ19-F-4,"SNP","contig00001","24208","T→C","1.58448219e-01","S318P (TCC→CCC)","gp34 →","tail protein"
LUZ19-F-4,"SNP","contig00001","24553","A→C","2.77236938e-01","I433L (ATC→CTC)","gp34 →","tail protein"
LUZ19-F-4,"SNP","contig00001","34506","C→A","1","Q102K (CAG→AAG)","gp40 →","tail fiber protein"
LUZ19-F-4,"SNP","contig00001","34582","C→A","1","T127K (ACG→AAG)","gp40 →","tail fiber protein"
LUZ19-F-4,"SNP","contig00001","34954","T→C","1","V251A (GTC→GCC)","gp40 →","tail fiber protein"
LUZ19-F-4,"SNP","contig00001","35404","G→A","1","C98Y (TGT→TAT)","gp41 →","tail fiber protein"
LUZ19-F-4,"INS","contig00001","40322","​+GGCTA","3.53176206e-01","intergenic (-53/-1290)","JPEJBOGK_00049 ← / → JPEJBOGK_00050","hypothetical protein/hypothetical protein"
LUZ19-F-5,"SNP","contig00001","5206","A→G","1.44072533e-01","S227G (AGT→GGT)","gp14 →","DNA primase"
LUZ19-F-5,"SNP","contig00001","6673","T→G","3.28354359e-01","L32W (TTG→TGG)","gp16 →","nucleotidyltransferase"
LUZ19-F-5,"SNP","contig00001","15953","A→C","5.56502342e-02","D171A (GAT→GCT)","gp26 →","RNA polymerase"
LUZ19-F-5,"SNP","contig00001","23558","A→G","1.78204536e-01","Q101R (CAG→CGG)","gp34 →","tail protein"
LUZ19-F-5,"SNP","contig00001","24475","T→C","9.16585922e-02","Y407H (TAC→CAC)","gp34 →","tail protein"
LUZ19-F-5,"SNP","contig00001","24542","A→C","9.04994011e-02","D429A (GAC→GCC)","gp34 →","tail protein"
LUZ19-F-5,"SNP","contig00001","25270","T→C","6.87580109e-02","Y672H (TAC→CAC)","gp34 →","tail protein"
LUZ19-F-5,"SNP","contig00001","25690","G→A","8.48793983e-02","A812T (GCT→ACT)","gp34 →","tail protein"
LUZ19-F-5,"SNP","contig00001","28206","G→A","6.56843185e-02","G642E (GGA→GAA)","gp36 →","internal virion lysozyme motif protein"
LUZ19-F-5,"SNP","contig00001","32797","G→A","6.30388260e-02","G1272G (GGG→GGA)","gp37 →","internal virion protein with endolysin domain protein"
LUZ19-F-5,"SNP","contig00001","33834","T→C","9.21006203e-02","M28T (ATG→ACG)","gp39 →","tail fiber protein"
LUZ19-F-5,"SNP","contig00001","34332","A→G","1.95549488e-01","T44A (ACC→GCC)","gp40 →","tail fiber protein"
LUZ19-F-5,"SNP","contig00001","34506","C→A","1","Q102K (CAG→AAG)","gp40 →","tail fiber protein"
LUZ19-F-5,"SNP","contig00001","34582","C→A","1","T127K (ACG→AAG)","gp40 →","tail fiber protein"
LUZ19-F-5,"SNP","contig00001","34954","T→C","1","V251A (GTC→GCC)","gp40 →","tail fiber protein"
LUZ19-F-5,"SNP","contig00001","35404","G→A","1","C98Y (TGT→TAT)","gp41 →","tail fiber protein"
LUZ19-F-5,"INS","contig00001","40324","​+CTAGC","3.55479206e-01","intergenic (-55/-1288)","JPEJBOGK_00049 ← / → JPEJBOGK_00050","hypothetical protein/hypothetical protein"
LUZ19-F-5,"INS","contig00001","40494","​+GCTGT","1.13669957e-01","intergenic (-225/-1118)","JPEJBOGK_00049 ← / → JPEJBOGK_00050","hypothetical protein/hypothetical protein"
LUZ19-F-6,"SNP","contig00001","5227","C→A","1.96202278e-01","L234I (CTC→ATC)","gp14 →","DNA primase"
LUZ19-F-6,"SNP","contig00001","9211","G→A","8.16636086e-02","S251N (AGC→AAC)","gp19 →","DNA polymerase"
LUZ19-F-6,"SNP","contig00001","22788","C→T","6.08760834e-01","A30V (GCC→GTC)","gp33 →","tail tubular protein A"
LUZ19-F-6,"SNP","contig00001","24541","G→A","2.00040817e-01","D429N (GAC→AAC)","gp34 →","tail protein"
LUZ19-F-6,"SNP","contig00001","34332","A→G","6.68974400e-01","T44A (ACC→GCC)","gp40 →","tail fiber protein"
LUZ19-F-6,"SNP","contig00001","34506","C→A","1","Q102K (CAG→AAG)","gp40 →","tail fiber protein"
LUZ19-F-6,"SNP","contig00001","34582","C→A","1","T127K (ACG→AAG)","gp40 →","tail fiber protein"
LUZ19-F-6,"SNP","contig00001","34603","A→G","9.14165497e-01","D134G (GAT→GGT)","gp40 →","tail fiber protein"
LUZ19-F-6,"SNP","contig00001","34954","T→C","1","V251A (GTC→GCC)","gp40 →","tail fiber protein"
LUZ19-F-6,"SNP","contig00001","35404","G→A","1","C98Y (TGT→TAT)","gp41 →","tail fiber protein"
LUZ19-F-6,"INS","contig00001","40276","​+GCCTCCTGTG","1.29453685e-01","intergenic (-7/-1336)","JPEJBOGK_00049 ← / → JPEJBOGK_00050","hypothetical protein/hypothetical protein"
LUZ19-F-6,"INS","contig00001","40327","​+GCCTT","3.35850619e-01","intergenic (-58/-1285)","JPEJBOGK_00049 ← / → JPEJBOGK_00050","hypothetical protein/hypothetical protein"
LUZ19-F-6,"INS","contig00001","40478","​+CCTGTCGCTC","1.13785436e-01","intergenic (-209/-1134)","JPEJBOGK_00049 ← / → JPEJBOGK_00050","hypothetical protein/hypothetical protein"
LUZ19-F-C-1,"SNP","contig00001","34506","C→A","8.28719139e-01","Q102K (CAG→AAG)","gp40 →","tail fiber protein"
LUZ19-F-C-1,"SNP","contig00001","34560","G→A","1.00168705e-01","D120N (GAT→AAT)","gp40 →","tail fiber protein"
LUZ19-F-C-1,"SNP","contig00001","34582","C→A","4.48564529e-01","T127K (ACG→AAG)","gp40 →","tail fiber protein"
LUZ19-F-C-2,"SNP","contig00001","34332","A→G","2.34817505e-01","T44A (ACC→GCC)","gp40 →","tail fiber protein"
LUZ19-F-C-2,"SNP","contig00001","34506","C→A","4.27733421e-01","Q102K (CAG→AAG)‡","gp40 →","tail fiber protein"
LUZ19-F-C-2,"SNP","contig00001","34507","A→G","6.64701462e-02","Q102R (CAG→CGG)‡","gp40 →","tail fiber protein"
LUZ19-F-C-2,"SNP","contig00001","34560","G→A","7.68690109e-02","D120N (GAT→AAT)","gp40 →","tail fiber protein"
LUZ19-F-C-2,"SNP","contig00001","34582","C→A","5.65240860e-01","T127K (ACG→AAG)","gp40 →","tail fiber protein"
LUZ19-F-C-2,"SNP","contig00001","35404","G→A","2.33273029e-01","C98Y (TGT→TAT)","gp41 →","tail fiber protein"
LUZ19-F-C-3,"SNP","contig00001","34332","A→G","5.19309044e-02","T44A (ACC→GCC)","gp40 →","tail fiber protein"
LUZ19-F-C-3,"SNP","contig00001","34506","C→A","5.01679420e-01","Q102K (CAG→AAG)‡","gp40 →","tail fiber protein"
LUZ19-F-C-3,"SNP","contig00001","34507","A→G","2.07213879e-01","Q102R (CAG→CGG)‡","gp40 →","tail fiber protein"
LUZ19-F-C-3,"SNP","contig00001","34560","G→A","1.09167099e-01","D120N (GAT→AAT)","gp40 →","tail fiber protein"
LUZ19-F-C-3,"SNP","contig00001","34582","C→A","4.51498985e-01","T127K (ACG→AAG)","gp40 →","tail fiber protein"
LUZ19-F-C-3,"SNP","contig00001","35404","G→A","3.09198856e-01","C98Y (TGT→TAT)","gp41 →","tail fiber protein"
LUZ19-F-C-4,"SNP","contig00001","34332","A→G","6.98614120e-02","T44A (ACC→GCC)","gp40 →","tail fiber protein"
LUZ19-F-C-4,"SNP","contig00001","34506","C→A","5.21178246e-01","Q102K (CAG→AAG)","gp40 →","tail fiber protein"
LUZ19-F-C-4,"SNP","contig00001","34560","G→A","2.34149456e-01","D120N (GAT→AAT)","gp40 →","tail fiber protein"
LUZ19-F-C-4,"SNP","contig00001","34582","C→A","3.71090889e-01","T127K (ACG→AAG)","gp40 →","tail fiber protein"
LUZ19-F-C-4,"SNP","contig00001","35404","G→A","2.39502430e-01","C98Y (TGT→TAT)","gp41 →","tail fiber protein"
LUZ19-F-C-5,"SNP","contig00001","34506","C→A","5.69012165e-01","Q102K (CAG→AAG)","gp40 →","tail fiber protein"
LUZ19-F-C-5,"SNP","contig00001","34560","G→A","6.74138069e-02","D120N (GAT→AAT)","gp40 →","tail fiber protein"
LUZ19-F-C-5,"SNP","contig00001","34582","C→A","4.81410503e-01","T127K (ACG→AAG)","gp40 →","tail fiber protein"
LUZ19-F-C-5,"SNP","contig00001","35404","G→A","9.72371101e-02","C98Y (TGT→TAT)","gp41 →","tail fiber protein"
LUZ19-F-C-6,"SNP","contig00001","34332","A→G","8.04839134e-02","T44A (ACC→GCC)","gp40 →","tail fiber protein"
LUZ19-F-C-6,"SNP","contig00001","34506","C→A","5.47480583e-01","Q102K (CAG→AAG)","gp40 →","tail fiber protein"
LUZ19-F-C-6,"SNP","contig00001","34560","G→A","2.94579029e-01","D120N (GAT→AAT)","gp40 →","tail fiber protein"
LUZ19-F-C-6,"SNP","contig00001","34582","C→A","4.02518272e-01","T127K (ACG→AAG)","gp40 →","tail fiber protein"
LUZ19-F-C-6,"SNP","contig00001","35404","G→A","1.05798244e-01","C98Y (TGT→TAT)","gp41 →","tail fiber protein"
